campaign_id,campaign_name,adset_id,adset_name,ad_id,ad_name,creative_id,impressions,selection_reason,status,ad_read_status,adset_read_status,campaign_read_status,issues
120245546322350458,Steele_fullprice_july26,120245546322370458,Steele_retargeting_engagers+viewcontent_april2026,120245546322360458,Steele_retargeting_Full Price catalogue_30april26,2213623069380197,37051,saved_example_name,complete,available,available,available,
120246312718430458,Steele_NewArrivals_updated,120246312718200458,Steele_NewArrivals_13May26,120246312718390458,Steele_NewArrivals_16april26_Video1,1320608509934183,650,saved_example_name,complete,available,available,available,
120246312718430458,Steele_NewArrivals_updated,120246312718200458,Steele_NewArrivals_13May26,120246336098680458,Steele_outerwear_14may26_static1,2231962067556522,2943,saved_example_name,complete,available,available,available,
120235813647500458,Steele_Collections,120235813647550458,Steele_Dresses_25,120246405492600458,Steele_collection_Carousel14may26,1325799332799642,4556,saved_example_name,complete,available,available,available,
120235813647500458,Steele_Collections,120235813647550458,Steele_Dresses_25,120249803788750458,Steele_motion1_hannecoat_30june26,2535887650173076,18802,saved_example_name,complete,available,available,available,
120235813647500458,Steele_Collections,120235813647550458,Steele_Dresses_25,120249803949160458,Steele_static_hannecoat_30june26,2046040699337199,603,saved_example_name,complete,available,available,available,
120235813647500458,Steele_Collections,120235813647550458,Steele_Dresses_25,120249804128460458,Steele_outerwear_Collectionad_30june26,1761957141639803,377,saved_example_name,complete,available,available,available,
120233396922910458,Steele_Bestsellers,120233396922930458,Steele_Bestsellers_Collection_Sept25,120243366762550458,Steele_Bestsellers_motion3_march26_PDPrelaunch,29026580370280649,21663,ad_id_fill,complete,available,available,available,
120235813647500458,Steele_Collections,120235813647550458,Steele_Dresses_25,120244131690810458,Steele_essentials_23mar26_Video – Copy 2,996428299482629,2755,ad_id_fill,complete,available,available,available,
120235813647500458,Steele_Collections,120235813647550458,Steele_Dresses_25,120244131853990458,Steele_essentials_23mar26_Video 2,2961426797384859,3348,ad_id_fill,complete,available,available,available,
120244692207060458,Steele New arrival_catalog 2026,120244692207080458,Steele New arrival_catalog 2026,120244692207070458,Steele New arrival_catalog 2026,813515491814716,38332,ad_id_fill,complete,available,available,available,
120235813647500458,Steele_Collections,120235813647550458,Steele_Dresses_25,120244898136140458,Steele_sets_16april26_static1,1279105241040350,33,ad_id_fill,complete,available,available,available,
120246312718430458,Steele_NewArrivals_updated,120246312718200458,Steele_NewArrivals_13May26,120246312718300458,Steele_NewArrivals_16april26_static3,1632098531326945,436,ad_id_fill,complete,available,available,available,
120246312718430458,Steele_NewArrivals_updated,120246312718200458,Steele_NewArrivals_13May26,120246332513800458,Steele_NewArrivals_14may26_video1,831685120014508,1761,ad_id_fill,complete,available,available,available,
120246312718430458,Steele_NewArrivals_updated,120246312718200458,Steele_NewArrivals_13May26,120246335113320458,Steele_NewArrivals_14may26_video2,2508857069565088,190,ad_id_fill,complete,available,available,available,
